exam_id,student_id,subject,marks,year,exam_type,max_marks
1,345,English,41,2019,Midterm,100
2,448,History,83,2020,Midterm,100
3,576,Geography,100,2020,Midterm,100
4,180,History,39,2023,Unit Test,100
5,302,Science,22,2023,Midterm,100
6,587,History,98,2022,Midterm,100
7,187,Geography,40,2024,Unit Test,100
8,227,Geography,13,2021,Midterm,100
9,340,Math,30,2020,Final,100
10,172,Math,90,2023,Unit Test,100
11,344,History,1,2020,Midterm,100
12,256,Math,44,2020,Midterm,100
13,2,Math,49,2021,Unit Test,100
14,430,Science,52,2021,Final,100
15,360,Geography,48,2018,Final,100
16,592,Science,20,2021,Midterm,100
17,35,English,2,2020,Final,100
18,108,Math,43,2019,Final,100
19,165,Math,70,2018,Final,100
20,495,Math,55,2023,Midterm,100
21,445,Science,6,2018,Final,100
22,211,Science,52,2023,Unit Test,100
23,554,English,84,2020,Final,100
24,244,Math,6,2021,Unit Test,100
25,563,History,19,2018,Final,100
26,4,History,11,2020,Unit Test,100
27,492,Science,12,2018,Midterm,100
28,175,English,10,2021,Midterm,100
29,316,History,60,2021,Unit Test,100
30,272,Math,82,2022,Final,100
31,190,English,48,2020,Midterm,100
32,457,Math,33,2021,Final,100
33,270,Science,34,2022,Midterm,100
34,155,Math,10,2023,Final,100
35,555,History,96,2022,Midterm,100
36,567,Math,49,2024,Unit Test,100
37,429,Geography,87,2024,Final,100
38,587,Science,60,2020,Midterm,100
39,405,Math,64,2022,Unit Test,100
40,586,Geography,18,2018,Final,100
41,178,Science,27,2024,Midterm,100
42,130,Math,54,2018,Unit Test,100
43,446,Science,80,2019,Unit Test,100
44,265,English,93,2024,Midterm,100
45,90,History,71,2021,Unit Test,100
46,334,English,66,2021,Midterm,100
47,536,History,14,2021,Midterm,100
48,152,Geography,75,2022,Midterm,100
49,109,Geography,99,2018,Final,100
50,549,English,52,2020,Final,100
51,498,Geography,77,2021,Midterm,100
52,177,English,51,2019,Unit Test,100
53,412,Math,50,2020,Unit Test,100
54,244,Math,95,2021,Final,100
55,382,Math,43,2024,Final,100
56,319,English,62,2024,Unit Test,100
57,101,Science,17,2020,Unit Test,100
58,454,English,34,2023,Final,100
59,92,Science,56,2019,Final,100
60,497,Geography,47,2024,Midterm,100
61,528,Science,8,2020,Unit Test,100
62,519,History,17,2024,Unit Test,100
63,583,Math,22,2019,Midterm,100
64,60,Science,4,2021,Midterm,100
65,370,Science,35,2020,Final,100
66,518,History,81,2018,Unit Test,100
67,32,Science,47,2021,Unit Test,100
68,457,Science,60,2022,Unit Test,100
69,359,English,20,2024,Final,100
70,93,English,3,2021,Midterm,100
71,167,Geography,99,2019,Midterm,100
72,231,Science,34,2023,Final,100
73,526,Math,99,2024,Unit Test,100
74,10,History,16,2023,Midterm,100
75,9,Science,32,2022,Final,100
76,282,History,48,2024,Final,100
77,471,English,27,2021,Final,100
78,534,Geography,50,2022,Midterm,100
79,8,Geography,84,2024,Final,100
80,575,Geography,77,2020,Final,100
81,111,History,8,2020,Final,100
82,333,English,33,2023,Unit Test,100
83,306,Science,19,2022,Midterm,100
84,59,Geography,51,2023,Final,100
85,144,Math,83,2021,Final,100
86,266,History,51,2021,Unit Test,100
87,37,Geography,90,2022,Midterm,100
88,352,Science,87,2022,Unit Test,100
89,488,English,64,2020,Midterm,100
90,572,Science,37,2018,Final,100
91,132,English,92,2024,Unit Test,100
92,188,English,83,2018,Midterm,100
93,364,Science,95,2024,Final,100
94,431,English,47,2020,Unit Test,100
95,302,History,15,2021,Midterm,100
96,598,Geography,79,2018,Final,100
97,200,Geography,15,2024,Unit Test,100
98,391,Geography,38,2021,Midterm,100
99,155,Science,25,2020,Final,100
100,584,History,18,2020,Unit Test,100
101,185,Math,62,2020,Unit Test,100
102,182,English,81,2018,Midterm,100
103,463,English,26,2024,Midterm,100
104,591,Science,62,2024,Midterm,100
105,133,Geography,55,2023,Final,100
106,414,History,61,2021,Midterm,100
107,39,Geography,25,2023,Final,100
108,15,English,96,2024,Unit Test,100
109,196,Math,86,2018,Unit Test,100
110,255,Science,88,2020,Final,100
111,133,Math,49,2022,Unit Test,100
112,314,Science,8,2024,Midterm,100
113,306,English,58,2023,Unit Test,100
114,537,English,55,2023,Midterm,100
115,351,History,45,2024,Midterm,100
116,169,History,2,2019,Midterm,100
117,135,Science,93,2018,Unit Test,100
118,517,Science,15,2020,Unit Test,100
119,39,History,81,2020,Unit Test,100
120,50,Geography,6,2023,Midterm,100
121,21,Math,88,2018,Final,100
122,455,History,15,2022,Final,100
123,486,Science,26,2023,Unit Test,100
124,10,English,53,2023,Midterm,100
125,533,English,79,2022,Unit Test,100
126,141,History,13,2022,Unit Test,100
127,121,English,14,2024,Midterm,100
128,510,Science,77,2019,Final,100
129,536,Science,45,2023,Final,100
130,303,Science,5,2022,Final,100
131,213,History,42,2019,Midterm,100
132,14,Math,14,2024,Unit Test,100
133,506,Science,11,2024,Unit Test,100
134,77,Math,32,2023,Midterm,100
135,468,English,33,2021,Midterm,100
136,103,Science,5,2024,Final,100
137,369,English,54,2023,Midterm,100
138,98,Math,1,2024,Midterm,100
139,175,English,45,2021,Unit Test,100
140,275,Math,47,2024,Final,100
141,188,Math,51,2021,Final,100
142,279,History,88,2024,Final,100
143,432,Science,14,2019,Unit Test,100
144,61,Science,13,2021,Unit Test,100
145,495,Geography,86,2021,Midterm,100
146,389,English,78,2018,Unit Test,100
147,134,History,62,2018,Final,100
148,452,Math,8,2020,Unit Test,100
149,322,Math,90,2024,Unit Test,100
150,538,Geography,92,2022,Midterm,100
151,347,Geography,66,2023,Unit Test,100
152,98,History,84,2023,Midterm,100
153,494,English,84,2023,Unit Test,100
154,395,Science,71,2022,Midterm,100
155,12,Science,64,2024,Final,100
156,508,Science,9,2024,Final,100
157,329,Science,42,2020,Midterm,100
158,520,Science,70,2023,Final,100
159,413,Science,10,2021,Final,100
160,587,History,11,2024,Final,100
161,458,English,15,2021,Unit Test,100
162,19,Math,51,2021,Midterm,100
163,571,Geography,0,2024,Midterm,100
164,312,Geography,71,2019,Unit Test,100
165,468,English,46,2024,Midterm,100
166,229,History,42,2022,Unit Test,100
167,485,English,91,2021,Midterm,100
168,100,Science,0,2020,Final,100
169,299,Geography,66,2020,Unit Test,100
170,109,Math,21,2021,Midterm,100
171,420,Math,32,2022,Midterm,100
172,193,Math,50,2019,Final,100
173,196,English,13,2024,Final,100
174,48,Geography,15,2024,Final,100
175,469,Geography,64,2019,Final,100
176,5,Geography,94,2018,Unit Test,100
177,444,Geography,61,2022,Midterm,100
178,593,Science,93,2024,Midterm,100
179,107,History,84,2022,Unit Test,100
180,330,Geography,49,2021,Unit Test,100
181,255,English,50,2020,Final,100
182,464,Science,17,2021,Unit Test,100
183,525,English,89,2022,Final,100
184,567,Science,25,2019,Unit Test,100
185,298,English,86,2019,Unit Test,100
186,183,Geography,69,2023,Unit Test,100
187,331,Math,97,2020,Unit Test,100
188,492,Geography,73,2023,Unit Test,100
189,428,Geography,36,2024,Final,100
190,14,Geography,13,2018,Final,100
191,149,Math,85,2018,Midterm,100
192,274,Science,36,2023,Final,100
193,150,Math,88,2024,Final,100
194,209,Geography,4,2020,Final,100
195,105,Geography,86,2023,Unit Test,100
196,230,Geography,49,2019,Unit Test,100
197,295,Math,48,2021,Final,100
198,321,Geography,6,2018,Unit Test,100
199,258,Science,79,2024,Final,100
200,231,English,96,2022,Unit Test,100
201,202,Science,37,2021,Midterm,100
202,77,Science,22,2023,Unit Test,100
203,123,History,5,2021,Final,100
204,570,English,16,2019,Unit Test,100
205,262,Math,42,2021,Unit Test,100
206,159,Math,19,2020,Unit Test,100
207,53,Geography,84,2020,Final,100
208,587,Geography,45,2018,Unit Test,100
209,326,Geography,28,2019,Unit Test,100
210,70,Geography,20,2021,Unit Test,100
211,550,History,11,2020,Midterm,100
212,219,English,42,2020,Final,100
213,224,Geography,67,2021,Unit Test,100
214,10,Math,85,2020,Final,100
215,247,Geography,79,2019,Midterm,100
216,329,History,14,2021,Final,100
217,554,English,3,2022,Final,100
218,527,Geography,57,2021,Midterm,100
219,304,Science,41,2022,Midterm,100
220,99,Science,98,2022,Unit Test,100
221,8,Math,26,2023,Unit Test,100
222,219,History,13,2019,Unit Test,100
223,446,Math,95,2023,Midterm,100
224,25,History,91,2020,Midterm,100
225,90,Math,6,2019,Final,100
226,572,Math,73,2024,Midterm,100
227,265,History,49,2021,Unit Test,100
228,415,History,40,2018,Final,100
229,122,Geography,0,2023,Unit Test,100
230,65,Geography,5,2023,Midterm,100
231,367,Geography,13,2020,Unit Test,100
232,309,Geography,11,2020,Final,100
233,391,History,84,2018,Final,100
234,161,Geography,28,2019,Unit Test,100
235,401,Geography,37,2023,Midterm,100
236,306,English,1,2022,Unit Test,100
237,145,Math,5,2018,Unit Test,100
238,404,Geography,70,2018,Final,100
239,216,English,27,2021,Unit Test,100
240,525,Science,20,2019,Midterm,100
241,259,Science,14,2019,Unit Test,100
242,581,Math,96,2022,Final,100
243,563,Math,37,2023,Midterm,100
244,257,Math,25,2023,Unit Test,100
245,499,English,45,2019,Unit Test,100
246,241,Math,36,2022,Midterm,100
247,199,English,62,2021,Final,100
248,314,Geography,19,2022,Unit Test,100
249,374,English,54,2019,Midterm,100
250,321,Science,100,2019,Unit Test,100
251,447,English,46,2019,Unit Test,100
252,340,History,59,2021,Final,100
253,313,History,70,2018,Midterm,100
254,84,English,17,2022,Midterm,100
255,270,Math,93,2018,Midterm,100
256,520,Math,74,2022,Final,100
257,218,Math,70,2020,Unit Test,100
258,553,History,83,2024,Midterm,100
259,375,History,28,2024,Unit Test,100
260,298,Science,59,2022,Unit Test,100
261,93,History,46,2022,Midterm,100
262,245,Geography,87,2019,Unit Test,100
263,144,History,20,2019,Unit Test,100
264,580,Science,94,2023,Final,100
265,368,Math,28,2024,Final,100
266,238,Math,33,2020,Midterm,100
267,44,Science,66,2024,Final,100
268,398,History,58,2018,Midterm,100
269,332,Math,90,2022,Unit Test,100
270,281,English,74,2022,Unit Test,100
271,179,History,83,2021,Final,100
272,80,Geography,32,2021,Midterm,100
273,529,History,45,2024,Final,100
274,499,History,77,2018,Unit Test,100
275,143,History,21,2019,Midterm,100
276,527,English,27,2019,Midterm,100
277,162,English,77,2023,Midterm,100
278,236,History,42,2023,Midterm,100
279,494,History,61,2019,Unit Test,100
280,166,History,2,2019,Midterm,100
281,131,Geography,75,2019,Midterm,100
282,525,Math,73,2019,Midterm,100
283,171,English,23,2022,Final,100
284,578,Math,92,2023,Unit Test,100
285,291,Math,27,2021,Unit Test,100
286,483,History,21,2019,Final,100
287,147,Geography,98,2019,Unit Test,100
288,524,English,21,2023,Unit Test,100
289,351,History,76,2022,Midterm,100
290,236,History,49,2019,Midterm,100
291,17,Science,66,2024,Unit Test,100
292,430,Science,77,2018,Midterm,100
293,488,Geography,76,2018,Unit Test,100
294,516,Math,11,2021,Unit Test,100
295,134,Geography,69,2024,Midterm,100
296,442,Geography,53,2020,Midterm,100
297,543,History,29,2024,Final,100
298,391,English,75,2024,Unit Test,100
299,590,Math,54,2019,Final,100
300,489,Science,10,2020,Unit Test,100
301,557,History,32,2019,Midterm,100
302,8,Geography,66,2018,Unit Test,100
303,8,History,83,2019,Unit Test,100
304,324,History,46,2018,Midterm,100
305,437,Geography,32,2020,Unit Test,100
306,434,Geography,46,2022,Final,100
307,407,Science,52,2022,Unit Test,100
308,495,Science,47,2022,Unit Test,100
309,496,English,39,2022,Final,100
310,408,Science,84,2018,Unit Test,100
311,236,History,100,2023,Midterm,100
312,103,Science,65,2021,Final,100
313,564,Geography,89,2023,Unit Test,100
314,54,Science,49,2023,Midterm,100
315,94,Science,60,2022,Final,100
316,91,Math,33,2019,Final,100
317,82,Geography,4,2023,Final,100
318,411,Geography,83,2022,Final,100
319,59,Science,81,2021,Final,100
320,11,Science,84,2024,Unit Test,100
321,293,Science,4,2024,Unit Test,100
322,523,Geography,89,2019,Unit Test,100
323,174,Math,46,2019,Unit Test,100
324,1,Science,11,2020,Final,100
325,362,History,51,2022,Midterm,100
326,531,Math,94,2023,Midterm,100
327,93,Geography,36,2023,Unit Test,100
328,597,English,44,2024,Final,100
329,232,Geography,24,2021,Final,100
330,589,Math,33,2019,Final,100
331,519,Math,71,2018,Unit Test,100
332,302,English,14,2024,Unit Test,100
333,264,Geography,73,2020,Unit Test,100
334,454,History,72,2021,Midterm,100
335,348,History,87,2021,Unit Test,100
336,29,History,14,2020,Midterm,100
337,392,Science,86,2023,Midterm,100
338,324,History,45,2022,Unit Test,100
339,10,English,31,2020,Midterm,100
340,409,English,9,2022,Midterm,100
341,488,English,45,2019,Unit Test,100
342,276,Science,95,2023,Midterm,100
343,511,Science,30,2023,Midterm,100
344,272,Science,29,2019,Midterm,100
345,365,Science,99,2018,Midterm,100
346,81,History,78,2018,Unit Test,100
347,44,History,47,2022,Final,100
348,505,Geography,35,2021,Midterm,100
349,524,English,50,2019,Unit Test,100
350,132,Math,67,2024,Final,100
351,490,Geography,4,2022,Final,100
352,404,Science,58,2018,Unit Test,100
353,531,History,40,2023,Midterm,100
354,13,Science,48,2022,Midterm,100
355,334,English,78,2024,Final,100
356,192,Geography,33,2019,Final,100
357,483,Geography,43,2020,Midterm,100
358,511,History,26,2021,Unit Test,100
359,382,English,51,2020,Final,100
360,185,Geography,16,2022,Unit Test,100
361,235,Math,92,2020,Midterm,100
362,569,History,48,2019,Midterm,100
363,154,History,1,2019,Final,100
364,512,Science,80,2022,Unit Test,100
365,324,History,38,2020,Unit Test,100
366,582,Math,50,2018,Unit Test,100
367,168,Math,27,2024,Final,100
368,488,Math,57,2023,Final,100
369,267,English,46,2022,Unit Test,100
370,264,English,2,2021,Midterm,100
371,360,Geography,25,2022,Unit Test,100
372,552,Science,99,2020,Final,100
373,333,Geography,62,2024,Unit Test,100
374,458,Math,48,2022,Final,100
375,475,Science,21,2023,Final,100
376,432,Geography,73,2021,Midterm,100
377,82,Science,43,2019,Final,100
378,325,English,90,2020,Unit Test,100
379,405,English,56,2024,Final,100
380,534,History,52,2019,Midterm,100
381,24,Science,93,2019,Unit Test,100
382,258,Math,26,2019,Final,100
383,106,Math,8,2021,Unit Test,100
384,56,Math,98,2021,Unit Test,100
385,86,Math,33,2022,Midterm,100
386,87,History,39,2019,Midterm,100
387,291,History,80,2019,Midterm,100
388,540,Science,3,2018,Unit Test,100
389,366,English,60,2021,Unit Test,100
390,279,Geography,56,2019,Unit Test,100
391,553,Science,75,2022,Final,100
392,578,History,67,2023,Unit Test,100
393,547,English,44,2021,Unit Test,100
394,233,Math,56,2020,Final,100
395,423,English,19,2020,Midterm,100
396,1,Geography,97,2024,Midterm,100
397,353,English,60,2022,Midterm,100
398,504,History,38,2018,Final,100
399,300,Geography,29,2024,Midterm,100
400,562,English,24,2021,Unit Test,100
401,448,History,31,2019,Unit Test,100
402,400,History,28,2020,Midterm,100
403,433,Science,66,2024,Unit Test,100
404,279,English,83,2023,Unit Test,100
405,276,History,24,2024,Midterm,100
406,187,Science,37,2018,Unit Test,100
407,467,Geography,57,2020,Unit Test,100
408,504,Science,41,2018,Midterm,100
409,51,Geography,2,2019,Midterm,100
410,289,English,16,2023,Final,100
411,9,Science,11,2019,Midterm,100
412,506,Science,43,2021,Final,100
413,511,English,59,2023,Midterm,100
414,339,Math,96,2019,Midterm,100
415,273,History,9,2022,Final,100
416,186,Science,32,2024,Final,100
417,13,Math,98,2023,Midterm,100
418,395,History,31,2023,Midterm,100
419,204,History,94,2024,Midterm,100
420,534,Science,60,2021,Unit Test,100
421,320,English,20,2023,Unit Test,100
422,44,Geography,66,2018,Final,100
423,493,English,25,2020,Midterm,100
424,224,Math,30,2023,Final,100
425,333,Math,21,2024,Final,100
426,599,Math,50,2024,Midterm,100
427,10,Math,74,2024,Unit Test,100
428,487,Geography,19,2020,Midterm,100
429,255,Science,63,2018,Unit Test,100
430,347,Math,7,2020,Unit Test,100
431,158,Geography,13,2019,Final,100
432,239,English,71,2024,Unit Test,100
433,356,History,93,2019,Midterm,100
434,387,English,92,2019,Final,100
435,41,History,90,2021,Unit Test,100
436,302,Geography,89,2021,Midterm,100
437,581,Science,69,2020,Final,100
438,480,English,76,2024,Unit Test,100
439,165,Math,67,2019,Final,100
440,303,English,69,2020,Final,100
441,1,Geography,48,2023,Midterm,100
442,20,Geography,46,2024,Unit Test,100
443,245,English,92,2018,Unit Test,100
444,552,History,24,2022,Unit Test,100
445,510,Geography,19,2022,Final,100
446,331,History,82,2020,Midterm,100
447,99,Geography,84,2018,Midterm,100
448,133,Science,4,2019,Midterm,100
449,498,Science,12,2018,Unit Test,100
450,398,History,67,2022,Unit Test,100
451,263,Math,46,2019,Unit Test,100
452,73,Math,26,2023,Final,100
453,82,History,81,2018,Final,100
454,572,History,47,2024,Unit Test,100
455,60,Geography,34,2022,Midterm,100
456,73,English,9,2019,Unit Test,100
457,100,Math,92,2019,Unit Test,100
458,395,Science,24,2022,Unit Test,100
459,255,Geography,80,2019,Unit Test,100
460,572,History,95,2018,Unit Test,100
461,591,English,86,2021,Unit Test,100
462,438,Math,21,2024,Midterm,100
463,564,History,64,2020,Unit Test,100
464,162,Geography,76,2021,Final,100
465,323,Geography,41,2024,Final,100
466,423,History,92,2020,Unit Test,100
467,247,Geography,69,2019,Final,100
468,564,English,46,2021,Final,100
469,407,Math,92,2018,Final,100
470,17,Geography,17,2020,Midterm,100
471,308,Science,27,2024,Final,100
472,23,English,70,2022,Unit Test,100
473,585,Geography,19,2018,Midterm,100
474,472,English,19,2019,Final,100
475,376,Geography,31,2019,Final,100
476,308,Math,73,2021,Unit Test,100
477,223,Math,92,2020,Final,100
478,178,History,88,2023,Unit Test,100
479,98,Geography,82,2020,Midterm,100
480,591,History,10,2024,Midterm,100
481,343,English,55,2021,Midterm,100
482,233,Geography,1,2023,Unit Test,100
483,392,Math,39,2022,Midterm,100
484,327,Geography,72,2019,Final,100
485,515,Science,19,2018,Unit Test,100
486,403,History,96,2022,Unit Test,100
487,517,Math,28,2021,Final,100
488,404,Science,16,2020,Midterm,100
489,488,Geography,95,2018,Unit Test,100
490,409,English,10,2021,Unit Test,100
491,445,Science,97,2019,Final,100
492,573,Science,62,2021,Unit Test,100
493,586,Science,71,2022,Unit Test,100
494,537,Science,31,2018,Final,100
495,441,English,87,2022,Midterm,100
496,116,History,54,2020,Final,100
497,196,English,44,2022,Unit Test,100
498,25,English,21,2020,Unit Test,100
499,453,Geography,18,2021,Midterm,100
500,240,Science,87,2020,Midterm,100
501,88,Math,94,2018,Midterm,100
502,152,English,1,2020,Unit Test,100
503,114,English,57,2021,Midterm,100
504,340,Science,94,2022,Midterm,100
505,209,Geography,66,2024,Final,100
506,562,History,79,2023,Midterm,100
507,19,History,74,2023,Unit Test,100
508,45,English,21,2018,Final,100
509,206,Geography,34,2018,Final,100
510,9,Math,49,2023,Final,100
511,369,Math,2,2020,Unit Test,100
512,396,Science,48,2022,Unit Test,100
513,102,English,62,2024,Unit Test,100
514,545,Math,23,2019,Unit Test,100
515,469,Geography,91,2018,Midterm,100
516,254,Geography,39,2020,Final,100
517,403,Science,2,2020,Unit Test,100
518,361,English,80,2020,Midterm,100
519,514,English,7,2023,Final,100
520,397,Math,71,2020,Midterm,100
521,156,English,50,2023,Midterm,100
522,90,History,66,2023,Unit Test,100
523,233,History,30,2022,Midterm,100
524,437,English,77,2020,Final,100
525,556,Science,26,2023,Midterm,100
526,595,Geography,87,2024,Midterm,100
527,142,English,88,2023,Unit Test,100
528,139,History,98,2019,Unit Test,100
529,579,Science,40,2018,Unit Test,100
530,546,Math,23,2020,Midterm,100
531,31,English,52,2021,Final,100
532,454,English,19,2024,Midterm,100
533,110,Science,23,2018,Unit Test,100
534,274,Geography,72,2022,Midterm,100
535,238,Science,87,2018,Final,100
536,82,History,17,2022,Unit Test,100
537,481,English,23,2024,Final,100
538,504,History,17,2019,Midterm,100
539,232,Math,52,2024,Midterm,100
540,277,History,28,2023,Unit Test,100
541,208,Science,8,2019,Final,100
542,502,English,58,2019,Final,100
543,415,Math,77,2023,Final,100
544,321,History,78,2023,Unit Test,100
545,550,Geography,82,2023,Midterm,100
546,534,Math,57,2021,Midterm,100
547,252,Geography,68,2021,Unit Test,100
548,41,Geography,49,2022,Unit Test,100
549,51,Science,37,2021,Final,100
550,312,English,59,2019,Final,100
551,302,Geography,6,2023,Unit Test,100
552,146,History,82,2021,Midterm,100
553,513,Math,23,2024,Unit Test,100
554,560,Science,50,2021,Final,100
555,462,Math,22,2021,Unit Test,100
556,207,History,11,2020,Final,100
557,168,Math,11,2018,Unit Test,100
558,461,English,10,2022,Unit Test,100
559,394,Geography,78,2019,Final,100
560,564,History,5,2024,Midterm,100
561,344,Geography,84,2024,Midterm,100
562,167,Science,22,2024,Unit Test,100
563,53,History,39,2020,Unit Test,100
564,457,English,80,2019,Midterm,100
565,135,Science,0,2022,Final,100
566,13,History,63,2024,Final,100
567,557,Math,77,2021,Midterm,100
568,223,Geography,84,2021,Final,100
569,420,History,10,2022,Unit Test,100
570,7,Science,70,2020,Unit Test,100
571,571,Science,6,2019,Midterm,100
572,57,English,4,2019,Midterm,100
573,592,Geography,38,2020,Midterm,100
574,51,Math,53,2019,Midterm,100
575,292,Geography,84,2023,Unit Test,100
576,587,Geography,22,2021,Unit Test,100
577,593,English,4,2018,Final,100
578,331,English,48,2024,Midterm,100
579,438,Geography,8,2020,Final,100
580,138,Math,88,2024,Final,100
581,338,Geography,52,2022,Midterm,100
582,215,Geography,7,2018,Unit Test,100
583,542,Math,61,2023,Unit Test,100
584,295,History,77,2024,Final,100
585,266,Geography,73,2022,Final,100
586,133,Geography,72,2021,Unit Test,100
587,510,History,23,2022,Midterm,100
588,298,Science,0,2018,Midterm,100
589,477,Math,94,2024,Midterm,100
590,425,History,5,2020,Final,100
591,574,Science,1,2023,Midterm,100
592,289,English,8,2020,Final,100
593,519,Geography,41,2024,Midterm,100
594,117,English,43,2021,Unit Test,100
595,583,Geography,3,2024,Midterm,100
596,199,English,43,2023,Final,100
597,486,Math,82,2019,Final,100
598,160,History,68,2020,Final,100
599,424,Math,66,2020,Unit Test,100
600,324,Geography,68,2018,Midterm,100
601,592,English,45,2018,Midterm,100
602,288,Math,43,2021,Unit Test,100
603,548,Science,73,2022,Final,100
604,192,Geography,14,2024,Final,100
605,323,Math,34,2021,Midterm,100
606,509,Science,47,2021,Final,100
607,222,Geography,38,2019,Midterm,100
608,384,Math,99,2019,Midterm,100
609,455,Geography,3,2024,Final,100
610,513,Science,24,2020,Final,100
611,537,English,99,2020,Midterm,100
612,101,Geography,86,2019,Midterm,100
613,38,History,49,2023,Unit Test,100
614,119,Math,39,2018,Unit Test,100
615,90,English,59,2018,Midterm,100
616,534,English,2,2022,Final,100
617,215,English,25,2019,Final,100
618,284,Geography,40,2024,Final,100
619,121,English,19,2019,Final,100
620,118,Math,79,2022,Unit Test,100
621,105,Science,69,2020,Unit Test,100
622,327,English,18,2023,Final,100
623,588,Science,21,2018,Final,100
624,347,Geography,56,2018,Midterm,100
625,30,History,86,2018,Midterm,100
626,393,Math,11,2021,Final,100
627,184,Geography,75,2023,Unit Test,100
628,457,Geography,45,2020,Final,100
629,203,Geography,10,2024,Final,100
630,582,Science,11,2024,Unit Test,100
631,480,Math,58,2020,Unit Test,100
632,477,History,29,2019,Midterm,100
633,265,English,50,2019,Unit Test,100
634,339,English,58,2021,Midterm,100
635,67,History,14,2020,Final,100
636,473,Science,36,2024,Final,100
637,589,Science,65,2018,Final,100
638,110,English,71,2023,Midterm,100
639,310,Geography,59,2021,Unit Test,100
640,424,Science,79,2019,Unit Test,100
641,163,History,49,2018,Final,100
642,214,Geography,55,2024,Final,100
643,581,English,69,2023,Midterm,100
644,178,Math,94,2023,Unit Test,100
645,499,Math,75,2022,Final,100
646,334,Geography,12,2024,Final,100
647,181,English,51,2018,Unit Test,100
648,112,Geography,98,2024,Final,100
649,336,History,82,2023,Midterm,100
650,93,Science,17,2022,Unit Test,100
651,1,Science,84,2019,Final,100
652,545,English,49,2022,Unit Test,100
653,458,Science,26,2023,Final,100
654,307,Geography,86,2020,Final,100
655,353,Math,74,2018,Unit Test,100
656,523,History,16,2024,Final,100
657,64,English,70,2018,Midterm,100
658,574,English,14,2024,Final,100
659,32,Science,55,2023,Unit Test,100
660,404,English,91,2021,Final,100
661,391,History,69,2019,Unit Test,100
662,178,History,17,2019,Unit Test,100
663,394,English,53,2019,Final,100
664,129,Science,1,2018,Unit Test,100
665,17,Science,92,2021,Unit Test,100
666,448,Science,10,2019,Unit Test,100
667,426,History,100,2023,Unit Test,100
668,436,Geography,23,2021,Unit Test,100
669,435,Geography,57,2021,Final,100
670,232,Science,54,2022,Midterm,100
671,592,History,93,2019,Unit Test,100
672,514,English,52,2022,Unit Test,100
673,376,Math,4,2022,Final,100
674,378,Math,74,2021,Unit Test,100
675,82,Science,93,2023,Unit Test,100
676,287,History,66,2018,Unit Test,100
677,91,Science,60,2023,Unit Test,100
678,80,Geography,74,2020,Unit Test,100
679,55,English,68,2024,Midterm,100
680,481,History,65,2021,Unit Test,100
681,340,History,45,2024,Final,100
682,297,Science,4,2023,Unit Test,100
683,312,Geography,33,2018,Unit Test,100
684,485,Geography,21,2022,Midterm,100
685,299,Geography,3,2020,Final,100
686,85,Science,64,2018,Final,100
687,259,Science,78,2020,Final,100
688,264,Math,94,2018,Unit Test,100
689,179,Geography,94,2019,Unit Test,100
690,458,English,22,2020,Unit Test,100
691,242,History,23,2024,Unit Test,100
692,34,English,10,2019,Unit Test,100
693,158,History,96,2021,Final,100
694,244,History,92,2023,Midterm,100
695,216,Geography,93,2024,Final,100
696,56,English,96,2024,Midterm,100
697,54,Science,59,2021,Final,100
698,309,History,95,2024,Unit Test,100
699,240,History,87,2023,Final,100
700,486,English,18,2022,Final,100
701,13,English,57,2021,Unit Test,100
702,324,Geography,87,2018,Midterm,100
703,545,English,55,2022,Unit Test,100
704,280,English,34,2020,Midterm,100
705,262,Geography,50,2021,Unit Test,100
706,248,Geography,98,2019,Unit Test,100
707,346,Science,40,2022,Midterm,100
708,9,Math,1,2021,Midterm,100
709,538,Math,87,2021,Final,100
710,225,English,32,2019,Midterm,100
711,25,Geography,11,2018,Unit Test,100
712,223,Geography,81,2018,Unit Test,100
713,123,Math,77,2019,Final,100
714,580,Science,14,2023,Midterm,100
715,260,English,59,2023,Midterm,100
716,465,English,98,2021,Unit Test,100
717,332,English,20,2024,Midterm,100
718,284,Math,48,2021,Final,100
719,62,English,33,2019,Final,100
720,72,History,25,2022,Final,100
721,183,History,13,2019,Unit Test,100
722,442,Science,78,2023,Midterm,100
723,453,English,13,2018,Midterm,100
724,73,Geography,93,2020,Final,100
725,20,History,19,2023,Unit Test,100
726,1,Math,85,2021,Final,100
727,156,English,50,2022,Midterm,100
728,528,History,61,2021,Final,100
729,72,Geography,28,2018,Final,100
730,494,Math,72,2022,Final,100
731,342,English,51,2018,Unit Test,100
732,93,English,68,2024,Final,100
733,83,History,97,2024,Final,100
734,208,Science,70,2018,Final,100
735,196,English,89,2021,Midterm,100
736,368,History,10,2023,Final,100
737,195,Science,4,2019,Midterm,100
738,245,History,49,2018,Unit Test,100
739,316,History,68,2024,Final,100
740,17,Math,43,2018,Final,100
741,44,History,15,2019,Unit Test,100
742,536,History,86,2024,Unit Test,100
743,153,Geography,29,2018,Midterm,100
744,145,History,83,2018,Final,100
745,47,Science,89,2023,Midterm,100
746,15,Science,80,2018,Final,100
747,100,History,78,2019,Unit Test,100
748,66,Math,14,2021,Unit Test,100
749,226,Math,25,2021,Final,100
750,412,English,15,2023,Unit Test,100
751,559,Science,41,2024,Midterm,100
752,47,Geography,22,2020,Midterm,100
753,124,English,18,2024,Final,100
754,173,English,70,2019,Final,100
755,250,Geography,5,2019,Midterm,100
756,386,Science,2,2021,Midterm,100
757,7,Math,22,2018,Unit Test,100
758,291,History,88,2024,Final,100
759,130,Science,18,2023,Final,100
760,536,History,52,2019,Midterm,100
761,39,Geography,23,2023,Final,100
762,91,English,44,2021,Midterm,100
763,572,Science,24,2018,Unit Test,100
764,98,Geography,46,2024,Unit Test,100
765,520,Science,59,2024,Unit Test,100
766,214,English,6,2019,Midterm,100
767,153,History,63,2019,Midterm,100
768,45,Math,82,2020,Final,100
769,215,History,32,2020,Unit Test,100
770,465,Math,13,2023,Midterm,100
771,551,Science,20,2024,Midterm,100
772,497,Geography,14,2018,Midterm,100
773,456,Geography,74,2020,Final,100
774,204,English,29,2024,Midterm,100
775,334,Science,12,2019,Unit Test,100
776,423,Science,48,2019,Midterm,100
777,483,Geography,62,2018,Final,100
778,149,Science,78,2021,Midterm,100
779,397,English,17,2021,Unit Test,100
780,199,English,34,2019,Final,100
781,131,Math,88,2022,Midterm,100
782,288,Science,14,2024,Final,100
783,470,History,21,2024,Final,100
784,226,English,77,2019,Unit Test,100
785,175,Geography,70,2024,Midterm,100
786,89,History,66,2021,Midterm,100
787,485,History,35,2018,Unit Test,100
788,439,Science,31,2020,Final,100
789,594,Science,75,2019,Unit Test,100
790,6,History,5,2018,Final,100
791,517,Math,54,2022,Final,100
792,491,Math,57,2021,Midterm,100
793,86,Geography,96,2018,Unit Test,100
794,417,Science,16,2020,Final,100
795,245,Math,2,2021,Unit Test,100
796,313,Science,90,2021,Unit Test,100
797,598,Math,58,2021,Midterm,100
798,416,Science,47,2023,Final,100
799,2,Math,49,2023,Final,100
800,544,Math,37,2021,Final,100
801,556,Geography,26,2024,Unit Test,100
802,83,Geography,42,2023,Midterm,100
803,528,English,6,2018,Final,100
804,375,History,79,2018,Final,100
805,376,Science,82,2022,Unit Test,100
806,69,Geography,90,2024,Midterm,100
807,142,English,30,2022,Midterm,100
808,490,Geography,89,2019,Unit Test,100
809,231,English,45,2020,Unit Test,100
810,434,English,6,2018,Final,100
811,354,History,62,2022,Unit Test,100
812,126,History,90,2022,Unit Test,100
813,546,English,57,2022,Final,100
814,68,Science,58,2018,Midterm,100
815,401,Science,36,2018,Midterm,100
816,169,English,14,2023,Midterm,100
817,509,Science,26,2022,Unit Test,100
818,24,English,53,2023,Unit Test,100
819,136,History,44,2021,Final,100
820,22,English,24,2018,Midterm,100
821,238,Geography,82,2020,Final,100
822,593,English,83,2023,Final,100
823,498,Geography,85,2023,Unit Test,100
824,562,History,58,2020,Unit Test,100
825,136,English,21,2024,Final,100
826,233,History,47,2020,Midterm,100
827,152,English,36,2021,Midterm,100
828,165,Geography,36,2019,Midterm,100
829,158,Science,30,2018,Midterm,100
830,325,Geography,16,2021,Final,100
831,379,Science,26,2022,Unit Test,100
832,36,English,44,2019,Final,100
833,460,Geography,20,2022,Final,100
834,125,Math,51,2021,Midterm,100
835,470,English,19,2018,Unit Test,100
836,560,Geography,42,2023,Unit Test,100
837,303,History,37,2024,Unit Test,100
838,151,Geography,93,2021,Final,100
839,116,History,5,2019,Unit Test,100
840,565,Math,39,2018,Final,100
841,226,History,45,2018,Final,100
842,57,Geography,82,2019,Unit Test,100
843,540,Science,100,2024,Final,100
844,201,Math,10,2022,Final,100
845,90,Geography,50,2019,Final,100
846,326,Geography,77,2022,Midterm,100
847,370,History,18,2023,Final,100
848,379,History,47,2018,Final,100
849,354,English,39,2021,Unit Test,100
850,90,Science,93,2021,Unit Test,100
851,426,History,36,2019,Unit Test,100
852,435,History,17,2024,Unit Test,100
853,89,Science,26,2020,Final,100
854,538,English,8,2022,Final,100
855,91,Math,52,2023,Final,100
856,425,Science,71,2021,Unit Test,100
857,582,Science,25,2019,Final,100
858,297,Geography,62,2018,Final,100
859,600,English,63,2022,Unit Test,100
860,475,Science,3,2024,Midterm,100
861,158,English,38,2023,Unit Test,100
862,484,Math,83,2023,Final,100
863,428,Science,62,2023,Unit Test,100
864,251,Math,15,2024,Final,100
865,505,Math,76,2023,Final,100
866,596,History,72,2021,Final,100
867,488,Math,47,2022,Unit Test,100
868,590,Math,33,2019,Unit Test,100
869,60,Science,40,2021,Unit Test,100
870,139,English,20,2018,Final,100
871,370,History,81,2020,Midterm,100
872,297,English,67,2023,Midterm,100
873,527,Science,98,2023,Midterm,100
874,97,Geography,96,2019,Unit Test,100
875,331,English,87,2024,Final,100
876,278,English,12,2022,Unit Test,100
877,361,Science,1,2019,Unit Test,100
878,289,English,99,2021,Final,100
879,349,Science,13,2019,Midterm,100
880,516,Science,24,2024,Unit Test,100
881,539,Geography,91,2022,Unit Test,100
882,117,History,58,2018,Midterm,100
883,135,Math,61,2020,Final,100
884,372,Science,56,2022,Unit Test,100
885,351,Science,90,2020,Midterm,100
886,122,Science,16,2024,Unit Test,100
887,146,Science,39,2019,Midterm,100
888,134,Math,54,2023,Midterm,100
889,80,Math,99,2021,Final,100
890,44,Science,13,2018,Unit Test,100
891,526,Geography,7,2021,Midterm,100
892,260,Math,8,2020,Unit Test,100
893,11,Math,100,2018,Unit Test,100
894,211,Geography,25,2019,Unit Test,100
895,360,Math,11,2019,Unit Test,100
896,285,Geography,44,2020,Midterm,100
897,513,Geography,30,2022,Unit Test,100
898,70,Math,74,2024,Midterm,100
899,542,Science,91,2019,Final,100
900,176,Geography,0,2023,Midterm,100
901,220,Geography,90,2021,Final,100
902,190,History,86,2018,Midterm,100
903,364,History,54,2019,Unit Test,100
904,234,History,14,2024,Final,100
905,127,History,14,2022,Midterm,100
906,508,English,90,2020,Unit Test,100
907,42,Math,41,2021,Midterm,100
908,395,English,58,2022,Unit Test,100
909,320,History,28,2022,Final,100
910,298,History,24,2024,Midterm,100
911,488,English,22,2018,Unit Test,100
912,504,Math,50,2021,Unit Test,100
913,88,Math,18,2021,Final,100
914,105,Science,8,2020,Midterm,100
915,347,Science,76,2024,Final,100
916,126,Science,54,2023,Final,100
917,286,Geography,75,2020,Unit Test,100
918,410,English,60,2023,Unit Test,100
919,415,History,65,2020,Midterm,100
920,466,Math,15,2020,Final,100
921,510,Science,80,2019,Midterm,100
922,102,Math,8,2021,Unit Test,100
923,28,Science,48,2022,Unit Test,100
924,335,Science,38,2022,Unit Test,100
925,99,Math,84,2024,Unit Test,100
926,505,History,25,2020,Unit Test,100
927,510,History,64,2020,Unit Test,100
928,352,Geography,69,2018,Midterm,100
929,441,Math,49,2021,Final,100
930,386,History,58,2018,Midterm,100
931,182,Geography,84,2024,Final,100
932,169,History,55,2019,Final,100
933,399,History,97,2018,Unit Test,100
934,503,Geography,87,2022,Unit Test,100
935,482,History,71,2024,Midterm,100
936,519,Math,50,2020,Final,100
937,387,Geography,86,2020,Final,100
938,329,Math,3,2022,Midterm,100
939,132,English,44,2024,Unit Test,100
940,598,Math,97,2023,Final,100
941,390,Math,54,2020,Final,100
942,422,English,7,2023,Midterm,100
943,254,Science,82,2020,Unit Test,100
944,87,Math,39,2018,Final,100
945,174,Math,68,2020,Midterm,100
946,472,History,72,2022,Final,100
947,274,Math,89,2021,Unit Test,100
948,23,English,48,2022,Final,100
949,331,Geography,12,2024,Final,100
950,103,Science,43,2021,Unit Test,100
951,348,Science,78,2020,Final,100
952,447,Science,63,2023,Midterm,100
953,549,Science,36,2020,Midterm,100
954,305,Geography,51,2024,Midterm,100
955,95,Geography,12,2022,Final,100
956,280,Math,72,2024,Unit Test,100
957,487,History,26,2020,Midterm,100
958,310,Geography,38,2021,Unit Test,100
959,553,English,25,2021,Final,100
960,258,Geography,65,2021,Unit Test,100
961,561,Science,2,2023,Unit Test,100
962,529,Science,73,2021,Midterm,100
963,479,English,81,2022,Unit Test,100
964,445,Geography,93,2023,Midterm,100
965,535,Science,46,2021,Midterm,100
966,247,Science,95,2023,Final,100
967,446,History,40,2024,Midterm,100
968,209,History,34,2024,Final,100
969,165,English,87,2022,Midterm,100
970,416,Science,14,2019,Midterm,100
971,29,Science,39,2021,Final,100
972,574,History,54,2023,Midterm,100
973,207,Science,34,2019,Midterm,100
974,265,English,84,2022,Midterm,100
975,44,History,100,2018,Midterm,100
976,86,English,77,2020,Midterm,100
977,417,English,85,2023,Midterm,100
978,407,Science,30,2018,Unit Test,100
979,513,Math,66,2023,Unit Test,100
980,538,English,63,2018,Midterm,100
981,126,English,42,2024,Unit Test,100
982,400,Science,54,2019,Midterm,100
983,110,Science,27,2020,Final,100
984,419,English,75,2018,Final,100
985,547,English,89,2018,Final,100
986,559,History,60,2023,Midterm,100
987,285,Science,46,2021,Unit Test,100
988,377,English,2,2023,Unit Test,100
989,36,Math,88,2024,Unit Test,100
990,246,English,70,2021,Final,100
991,372,Math,68,2024,Midterm,100
992,454,History,1,2021,Final,100
993,309,Math,96,2019,Final,100
994,216,Science,56,2023,Final,100
995,417,Math,35,2024,Midterm,100
996,504,History,94,2021,Final,100
997,433,Math,20,2023,Final,100
998,519,Math,45,2021,Unit Test,100
999,561,English,58,2023,Midterm,100
1000,54,Science,80,2021,Unit Test,100
